Workbook

Sheet 📊 Dashboard
A2: BMW Decision Intelligence · Executive Dashboard
A3: Supply Chain Operations Lead · 3-Scenario Comparative Analysis · 8 Candidates
B5: ■ Blue = agent input | D5: ■ Green = calculated formula | F5: ■ Teal = cross-sheet link
B7: TOP SCORE SUPPLY CHAIN DIS | C7: TOP SCORE DIGITAL TRANSFOR | D7: TOP SCORE OPERATIONAL CONT | E7: CANDIDATES ASSESSED | F7: SHORTLIST COUNT (SCD)
B8: =MAX('🔴 Supply Chain'!J10:J17) -> 93.3 | C8: =MAX('🔵 Digital Transform'!J10:J17) -> 89.2 | D8: =MAX('🟢 Op. Continuity'!J10:J17) -> 87.7 | E8: =COUNTA('🔴 Supply Chain'!B10:B17) -> 8 | F8: =COUNTIF('🔴 Supply Chain'!O10:O17,"SHORTLIST") -> 1
B9: =INDEX('🔴 Supply Chain'!B10:B17,MATCH(MAX('🔴 Supply Chain'!J10:J17),'🔴 Supply Chain'!J10:J17,0)) -> Anna Keller | C9: =INDEX('🔵 Digital Transform'!B10:B17,MATCH(MAX('🔵 Digital Transform'!J10:J17),'🔵 Digital Transform'!J10:J17,0)) -> Marcus Thorne | D9: =INDEX('🟢 Op. Continuity'!B10:B17,MATCH(MAX('🟢 Op. Continuity'!J10:J17),'🟢 Op. Continuity'!J10:J17,0)) -> Anna Keller | E9: Across all scenarios | F9: Supply Chain Disruption
B11: CROSS-SCENARIO COMPARISON — all values link to scenario sheets
B12: CANDIDATE | C12: SOURCE | D12: SCD SCORE | E12: SCD RANK | F12: SCD BAND | G12: DT SCORE | H12: DT RANK | I12: DT BAND | J12: OC SCORE | K12: OC RANK | L12: OC BAND | M12: BEST SCENARIO | N12: CONSISTENCY (STDEV)
B13: ='🔴 Supply Chain'!B10 -> Anna Keller | C13: ='🔴 Supply Chain'!C10 -> Internal | D13: ='🔴 Supply Chain'!J10 -> 93.3 | E13: ='🔴 Supply Chain'!D10 -> 1 | F13: ='🔴 Supply Chain'!K10 -> STRONG FIT | G13: ='🔵 Digital Transform'!J10 -> 86.7 | H13: ='🔵 Digital Transform'!D10 -> 2 | I13: ='🔵 Digital Transform'!K10 -> GOOD FIT | J13: ='🟢 Op. Continuity'!J10 -> 87.7 | K13: ='🟢 Op. Continuity'!D10 -> 1 | L13: ='🟢 Op. Continuity'!K10 -> GOOD FIT | M13: =IF(D13=MAX(D13,G13,J13),"Supply Chain Disruption",IF(G13=MAX(D13,G13,J13),"Digital Transformation","Operational Continuity")) -> Supply Chain Disruption | N13: =ROUND(STDEV(D13,G13,J13),1) -> 3.6
B14: ='🔴 Supply Chain'!B11 -> Marcus Thorne | C14: ='🔴 Supply Chain'!C11 -> External | D14: ='🔴 Supply Chain'!J11 -> 86.4 | E14: ='🔴 Supply Chain'!D11 -> 2 | F14: ='🔴 Supply Chain'!K11 -> GOOD FIT | G14: ='🔵 Digital Transform'!J11 -> 89.2 | H14: ='🔵 Digital Transform'!D11 -> 1 | I14: ='🔵 Digital Transform'!K11 -> GOOD FIT | J14: ='🟢 Op. Continuity'!J11 -> 80.8 | K14: ='🟢 Op. Continuity'!D11 -> 3 | L14: ='🟢 Op. Continuity'!K11 -> GOOD FIT | M14: =IF(D14=MAX(D14,G14,J14),"Supply Chain Disruption",IF(G14=MAX(D14,G14,J14),"Digital Transformation","Operational Continuity")) -> Digital Transformation | N14: =ROUND(STDEV(D14,G14,J14),1) -> 4.3
B15: ='🔴 Supply Chain'!B12 -> Elena Rodriguez | C15: ='🔴 Supply Chain'!C12 -> Internal | D15: ='🔴 Supply Chain'!J12 -> 82.8 | E15: ='🔴 Supply Chain'!D12 -> 3 | F15: ='🔴 Supply Chain'!K12 -> GOOD FIT | G15: ='🔵 Digital Transform'!J12 -> 84.3 | H15: ='🔵 Digital Transform'!D12 -> 3 | I15: ='🔵 Digital Transform'!K12 -> GOOD FIT | J15: ='🟢 Op. Continuity'!J12 -> 81.6 | K15: ='🟢 Op. Continuity'!D12 -> 2 | L15: ='🟢 Op. Continuity'!K12 -> GOOD FIT | M15: =IF(D15=MAX(D15,G15,J15),"Supply Chain Disruption",IF(G15=MAX(D15,G15,J15),"Digital Transformation","Operational Continuity")) -> Digital Transformation | N15: =ROUND(STDEV(D15,G15,J15),1) -> 1.4
B16: ='🔴 Supply Chain'!B13 -> David Chen | C16: ='🔴 Supply Chain'!C13 -> External | D16: ='🔴 Supply Chain'!J13 -> 80.4 | E16: ='🔴 Supply Chain'!D13 -> 4 | F16: ='🔴 Supply Chain'!K13 -> GOOD FIT | G16: ='🔵 Digital Transform'!J13 -> 78.6 | H16: ='🔵 Digital Transform'!D13 -> 4 | I16: ='🔵 Digital Transform'!K13 -> MODERATE FIT | J16: ='🟢 Op. Continuity'!J13 -> 76 | K16: ='🟢 Op. Continuity'!D13 -> 6 | L16: ='🟢 Op. Continuity'!K13 -> MODERATE FIT | M16: =IF(D16=MAX(D16,G16,J16),"Supply Chain Disruption",IF(G16=MAX(D16,G16,J16),"Digital Transformation","Operational Continuity")) -> Supply Chain Disruption | N16: =ROUND(STDEV(D16,G16,J16),1) -> 2.2
B17: ='🔴 Supply Chain'!B14 -> Sarah Jenkins | C17: ='🔴 Supply Chain'!C14 -> Internal | D17: ='🔴 Supply Chain'!J14 -> 78 | E17: ='🔴 Supply Chain'!D14 -> 5 | F17: ='🔴 Supply Chain'!K14 -> MODERATE FIT | G17: ='🔵 Digital Transform'!J14 -> 75.2 | H17: ='🔵 Digital Transform'!D14 -> 5 | I17: ='🔵 Digital Transform'!K14 -> MODERATE FIT | J17: ='🟢 Op. Continuity'!J14 -> 74.5 | K17: ='🟢 Op. Continuity'!D14 -> 8 | L17: ='🟢 Op. Continuity'!K14 -> MODERATE FIT | M17: =IF(D17=MAX(D17,G17,J17),"Supply Chain Disruption",IF(G17=MAX(D17,G17,J17),"Digital Transformation","Operational Continuity")) -> Supply Chain Disruption | N17: =ROUND(STDEV(D17,G17,J17),1) -> 1.9
B18: ='🔴 Supply Chain'!B15 -> Julian Vane | C18: ='🔴 Supply Chain'!C15 -> External | D18: ='🔴 Supply Chain'!J15 -> 74.1 | E18: ='🔴 Supply Chain'!D15 -> 6 | F18: ='🔴 Supply Chain'!K15 -> MODERATE FIT | G18: ='🔵 Digital Transform'!J15 -> 70.8 | H18: ='🔵 Digital Transform'!D15 -> 6 | I18: ='🔵 Digital Transform'!K15 -> MODERATE FIT | J18: ='🟢 Op. Continuity'!J15 -> 74.6 | K18: ='🟢 Op. Continuity'!D15 -> 7 | L18: ='🟢 Op. Continuity'!K15 -> MODERATE FIT | M18: =IF(D18=MAX(D18,G18,J18),"Supply Chain Disruption",IF(G18=MAX(D18,G18,J18),"Digital Transformation","Operational Continuity")) -> Operational Continuity | N18: =ROUND(STDEV(D18,G18,J18),1) -> 2.1
B19: ='🔴 Supply Chain'!B16 -> Linda Wu | C19: ='🔴 Supply Chain'!C16 -> Internal | D19: ='🔴 Supply Chain'!J16 -> 71.6 | E19: ='🔴 Supply Chain'!D16 -> 7 | F19: ='🔴 Supply Chain'!K16 -> MODERATE FIT | G19: ='🔵 Digital Transform'!J16 -> 66.4 | H19: ='🔵 Digital Transform'!D16 -> 7 | I19: ='🔵 Digital Transform'!K16 -> BELOW THRESHOLD | J19: ='🟢 Op. Continuity'!J16 -> 76.2 | K19: ='🟢 Op. Continuity'!D16 -> 5 | L19: ='🟢 Op. Continuity'!K16 -> MODERATE FIT | M19: =IF(D19=MAX(D19,G19,J19),"Supply Chain Disruption",IF(G19=MAX(D19,G19,J19),"Digital Transformation","Operational Continuity")) -> Operational Continuity | N19: =ROUND(STDEV(D19,G19,J19),1) -> 4.9
B20: ='🔴 Supply Chain'!B17 -> Thomas More | C20: ='🔴 Supply Chain'!C17 -> External | D20: ='🔴 Supply Chain'!J17 -> 69.6 | E20: ='🔴 Supply Chain'!D17 -> 8 | F20: ='🔴 Supply Chain'!K17 -> BELOW THRESHOLD | G20: ='🔵 Digital Transform'!J17 -> 60.5 | H20: ='🔵 Digital Transform'!D17 -> 8 | I20: ='🔵 Digital Transform'!K17 -> BELOW THRESHOLD | J20: ='🟢 Op. Continuity'!J17 -> 79 | K20: ='🟢 Op. Continuity'!D17 -> 4 | L20: ='🟢 Op. Continuity'!K17 -> MODERATE FIT | M20: =IF(D20=MAX(D20,G20,J20),"Supply Chain Disruption",IF(G20=MAX(D20,G20,J20),"Digital Transformation","Operational Continuity")) -> Operational Continuity | N20: =ROUND(STDEV(D20,G20,J20),1) -> 9.3
B22: RECOMMENDED CANDIDATE PER SCENARIO
B23: Supply Chain Disru | E23: Digital Transforma | H23: Operational Contin
B24: Top Candidate | C24: =INDEX('🔴 Supply Chain'!B10:B17,MATCH(1,'🔴 Supply Chain'!D10:D17,0)) -> Anna Keller | F24: =INDEX('🔵 Digital Transform'!B10:B17,MATCH(1,'🔵 Digital Transform'!D10:D17,0)) -> Marcus Thorne | I24: =INDEX('🟢 Op. Continuity'!B10:B17,MATCH(1,'🟢 Op. Continuity'!D10:D17,0)) -> Anna Keller
B25: Score | C25: =MAX('🔴 Supply Chain'!J10:J17) -> 93.3 | F25: =MAX('🔵 Digital Transform'!J10:J17) -> 89.2 | I25: =MAX('🟢 Op. Continuity'!J10:J17) -> 87.7
B26: Decision | C26: =INDEX('🔴 Supply Chain'!O10:O17,MATCH(1,'🔴 Supply Chain'!D10:D17,0)) -> SHORTLIST | F26: =INDEX('🔵 Digital Transform'!O10:O17,MATCH(1,'🔵 Digital Transform'!D10:D17,0)) -> SHORTLIST | I26: =INDEX('🟢 Op. Continuity'!O10:O17,MATCH(1,'🟢 Op. Continuity'!D10:D17,0)) -> REVIEW
B27: Confidence | C27: =IF(MAX('🔴 Supply Chain'!J10:J17)>=90,"HIGH",IF(MAX('🔴 Supply Chain'!J10:J17)>=80,"MEDIUM","LOW")) -> HIGH | F27: =IF(MAX('🔵 Digital Transform'!J10:J17)>=90,"HIGH",IF(MAX('🔵 Digital Transform'!J10:J17)>=80,"MEDIUM","LOW")) -> MEDIUM | I27: =IF(MAX('🟢 Op. Continuity'!J10:J17)>=90,"HIGH",IF(MAX('🟢 Op. Continuity'!J10:J17)>=80,"MEDIUM","LOW")) -> MEDIUM
B28: Near-Tie Alert | C28: =IF(COUNTIF('🔴 Supply Chain'!N10:N17,"⚠ NEAR_TIE")>0,"⚠ Review ties","✓ Clear") -> ✓ Clear | F28: =IF(COUNTIF('🔵 Digital Transform'!N10:N17,"⚠ NEAR_TIE")>0,"⚠ Review ties","✓ Clear") -> ✓ Clear | I28: =IF(COUNTIF('🟢 Op. Continuity'!N10:N17,"⚠ NEAR_TIE")>0,"⚠ Review ties","✓ Clear") -> ✓ Clear
B30: RUN METADATA
B31: Model | C31: BMW AI
B32: Architecture | C32: Single-Agent + 3 Deterministic Tools (scenario / candidate / ranking)
B33: Role | C33: Supply Chain Operations Lead
B34: Scenarios run | C34: 3
B35: Candidates | C35: 8
B36: Export version | C36: v1.0
B37: Note | C37: Blue cells = agent inputs. Green cells = calculated formulas. Teal = cross-sheet links. Only sheets for selected scenarios are included in the export.

Sheet 🔴 Supply Chain
A2: BMW Decision Intelligence · Supply Chain Disruption
A3: Scenario: Supply Chain Disruption · Prioritizes crisis handling, supplier management, and rapid decision-making.
A5: SCENARIO WEIGHTS (blue = editable inputs) | B5: Scalability Mindset | C5: Hard Skill Match | D5: Domain Experience | E5: Onboarding Speed | F5: Trajectory | H5: Σ CHECK
B6: 0.25 | C6: 0.25 | D6: 0.2 | E6: 0.15 | F6: 0.15 | H6: =SUM(B6,C6,D6,E6,F6) -> 1
B7: =IF(H6=1,"✓ Weights valid — sum = 1.00","⚠ Weights do not sum to 1.00 — adjust before running") -> ✓ Weights valid — sum = 1.00
A9: # | B9: Candidate | C9: Source | D9: Rank (Auto) | E9: Scalability Mindset | F9: Hard Skill Match | G9: Domain Experience | H9: Onboarding Speed | I9: Trajectory | J9: Weighted Composite | K9: Score Band | L9: vs Pool | M9: Key Strength | N9: Flag | O9: Decision
A10: 1 | B10: Anna Keller | C10: Internal | D10: =RANK(J10,$J$10:$J$17,0) -> 1 | E10: 98 | F10: 91 | G10: 90 | H10: 95 | I10: 92 | J10: =ROUND(E10*B6+F10*C6+G10*D6+H10*E6+I10*F6,1) -> 93.3 | K10: =IF(J10>=90,"STRONG FIT",IF(J10>=80,"GOOD FIT",IF(J10>=70,"MODERATE FIT","BELOW THRESHOLD"))) -> STRONG FIT | L10: =ROUND(J10-AVERAGE($J$10:$J$17),1) -> 13.8 | M10: Crisis Logistics | N10: =IF(AND(D10<=2,ABS(J10-IF(D10=1,LARGE($J$10:$J$17,2),LARGE($J$10:$J$17,1)))<=2),"⚠ NEAR_TIE",IF(COUNTIF(E10:I10,"")>2,"INSUFFICIENT_DATA","CLEAR")) -> CLEAR | O10: =IF(J10>=88,"SHORTLIST",IF(J10>=80,"REVIEW",IF(J10>=70,"HOLD","REJECT"))) -> SHORTLIST
A11: 2 | B11: Marcus Thorne | C11: External | D11: =RANK(J11,$J$10:$J$17,0) -> 2 | E11: 85 | F11: 90 | G11: 88 | H11: 82 | I11: 85 | J11: =ROUND(E11*B6+F11*C6+G11*D6+H11*E6+I11*F6,1) -> 86.4 | K11: =IF(J11>=90,"STRONG FIT",IF(J11>=80,"GOOD FIT",IF(J11>=70,"MODERATE FIT","BELOW THRESHOLD"))) -> GOOD FIT | L11: =ROUND(J11-AVERAGE($J$10:$J$17),1) -> 6.9 | M11: Strategic Sourcing | N11: =IF(AND(D11<=2,ABS(J11-IF(D11=1,LARGE($J$10:$J$17,2),LARGE($J$10:$J$17,1)))<=2),"⚠ NEAR_TIE",IF(COUNTIF(E11:I11,"")>2,"INSUFFICIENT_DATA","CLEAR")) -> CLEAR | O11: =IF(J11>=88,"SHORTLIST",IF(J11>=80,"REVIEW",IF(J11>=70,"HOLD","REJECT"))) -> REVIEW
A12: 3 | B12: Elena Rodriguez | C12: Internal | D12: =RANK(J12,$J$10:$J$17,0) -> 3 | E12: 80 | F12: 84 | G12: 85 | H12: 83 | I12: 82 | J12: =ROUND(E12*B6+F12*C6+G12*D6+H12*E6+I12*F6,1) -> 82.8 | K12: =IF(J12>=90,"STRONG FIT",IF(J12>=80,"GOOD FIT",IF(J12>=70,"MODERATE FIT","BELOW THRESHOLD"))) -> GOOD FIT | L12: =ROUND(J12-AVERAGE($J$10:$J$17),1) -> 3.3 | M12: Stakeholder Comms | N12: =IF(AND(D12<=2,ABS(J12-IF(D12=1,LARGE($J$10:$J$17,2),LARGE($J$10:$J$17,1)))<=2),"⚠ NEAR_TIE",IF(COUNTIF(E12:I12,"")>2,"INSUFFICIENT_DATA","CLEAR")) -> CLEAR | O12: =IF(J12>=88,"SHORTLIST",IF(J12>=80,"REVIEW",IF(J12>=70,"HOLD","REJECT"))) -> REVIEW
A13: 4 | B13: David Chen | C13: External | D13: =RANK(J13,$J$10:$J$17,0) -> 4 | E13: 79 | F13: 82 | G13: 80 | H13: 81 | I13: 80 | J13: =ROUND(E13*B6+F13*C6+G13*D6+H13*E6+I13*F6,1) -> 80.4 | K13: =IF(J13>=90,"STRONG FIT",IF(J13>=80,"GOOD FIT",IF(J13>=70,"MODERATE FIT","BELOW THRESHOLD"))) -> GOOD FIT | L13: =ROUND(J13-AVERAGE($J$10:$J$17),1) -> 0.9 | M13: Risk Modeling | N13: =IF(AND(D13<=2,ABS(J13-IF(D13=1,LARGE($J$10:$J$17,2),LARGE($J$10:$J$17,1)))<=2),"⚠ NEAR_TIE",IF(COUNTIF(E13:I13,"")>2,"INSUFFICIENT_DATA","CLEAR")) -> CLEAR | O13: =IF(J13>=88,"SHORTLIST",IF(J13>=80,"REVIEW",IF(J13>=70,"HOLD","REJECT"))) -> REVIEW
A14: 5 | B14: Sarah Jenkins | C14: Internal | D14: =RANK(J14,$J$10:$J$17,0) -> 5 | E14: 76 | F14: 80 | G14: 78 | H14: 79 | I14: 77 | J14: =ROUND(E14*B6+F14*C6+G14*D6+H14*E6+I14*F6,1) -> 78 | K14: =IF(J14>=90,"STRONG FIT",IF(J14>=80,"GOOD FIT",IF(J14>=70,"MODERATE FIT","BELOW THRESHOLD"))) -> MODERATE FIT | L14: =ROUND(J14-AVERAGE($J$10:$J$17),1) -> -1.5 | M14: Rapid Procurement | N14: =IF(AND(D14<=2,ABS(J14-IF(D14=1,LARGE($J$10:$J$17,2),LARGE($J$10:$J$17,1)))<=2),"⚠ NEAR_TIE",IF(COUNTIF(E14:I14,"")>2,"INSUFFICIENT_DATA","CLEAR")) -> CLEAR | O14: =IF(J14>=88,"SHORTLIST",IF(J14>=80,"REVIEW",IF(J14>=70,"HOLD","REJECT"))) -> HOLD
A15: 6 | B15: Julian Vane | C15: External | D15: =RANK(J15,$J$10:$J$17,0) -> 6 | E15: 72 | F15: 76 | G15: 75 | H15: 74 | I15: 73 | J15: =ROUND(E15*B6+F15*C6+G15*D6+H15*E6+I15*F6,1) -> 74.1 | K15: =IF(J15>=90,"STRONG FIT",IF(J15>=80,"GOOD FIT",IF(J15>=70,"MODERATE FIT","BELOW THRESHOLD"))) -> MODERATE FIT | L15: =ROUND(J15-AVERAGE($J$10:$J$17),1) -> -5.4 | M15: Regulatory Compliance | N15: =IF(AND(D15<=2,ABS(J15-IF(D15=1,LARGE($J$10:$J$17,2),LARGE($J$10:$J$17,1)))<=2),"⚠ NEAR_TIE",IF(COUNTIF(E15:I15,"")>2,"INSUFFICIENT_DATA","CLEAR")) -> CLEAR | O15: =IF(J15>=88,"SHORTLIST",IF(J15>=80,"REVIEW",IF(J15>=70,"HOLD","REJECT"))) -> HOLD
A16: 7 | B16: Linda Wu | C16: Internal | D16: =RANK(J16,$J$10:$J$17,0) -> 7 | E16: 70 | F16: 74 | G16: 72 | H16: 71 | I16: 70 | J16: =ROUND(E16*B6+F16*C6+G16*D6+H16*E6+I16*F6,1) -> 71.6 | K16: =IF(J16>=90,"STRONG FIT",IF(J16>=80,"GOOD FIT",IF(J16>=70,"MODERATE FIT","BELOW THRESHOLD"))) -> MODERATE FIT | L16: =ROUND(J16-AVERAGE($J$10:$J$17),1) -> -7.9 | M16: Vendor Relations | N16: =IF(AND(D16<=2,ABS(J16-IF(D16=1,LARGE($J$10:$J$17,2),LARGE($J$10:$J$17,1)))<=2),"⚠ NEAR_TIE",IF(COUNTIF(E16:I16,"")>2,"INSUFFICIENT_DATA","CLEAR")) -> CLEAR | O16: =IF(J16>=88,"SHORTLIST",IF(J16>=80,"REVIEW",IF(J16>=70,"HOLD","REJECT"))) -> HOLD
A17: 8 | B17: Thomas More | C17: External | D17: =RANK(J17,$J$10:$J$17,0) -> 8 | E17: 68 | F17: 72 | G17: 70 | H17: 69 | I17: 68 | J17: =ROUND(E17*B6+F17*C6+G17*D6+H17*E6+I17*F6,1) -> 69.6 | K17: =IF(J17>=90,"STRONG FIT",IF(J17>=80,"GOOD FIT",IF(J17>=70,"MODERATE FIT","BELOW THRESHOLD"))) -> BELOW THRESHOLD | L17: =ROUND(J17-AVERAGE($J$10:$J$17),1) -> -9.9 | M17: Inventory Optimization | N17: =IF(AND(D17<=2,ABS(J17-IF(D17=1,LARGE($J$10:$J$17,2),LARGE($J$10:$J$17,1)))<=2),"⚠ NEAR_TIE",IF(COUNTIF(E17:I17,"")>2,"INSUFFICIENT_DATA","CLEAR")) -> CLEAR | O17: =IF(J17>=88,"SHORTLIST",IF(J17>=80,"REVIEW",IF(J17>=70,"HOLD","REJECT"))) -> REJECT
A19: POOL SUMMARY | R19: 98 | S19: 72 | T19: 65 | U19: 80 | V19: 70 | W19: 55 | X19: 60 | Y19: 50
A20: Pool Average Score | B20: =ROUND(AVERAGE(J10:J17),1) -> 79.5 | R20: 91 | S20: 85 | T20: 70 | U20: 75 | V20: 80 | W20: 72 | X20: 74 | Y20: 68
A21: Highest Score | B21: =MAX(J10:J17) -> 93.3 | R21: 84 | S21: 80 | T21: 90 | U21: 72 | V21: 68 | W21: 74 | X21: 66 | Y21: 70
A22: Lowest Score | B22: =MIN(J10:J17) -> 69.6 | R22: 95 | S22: 82 | T22: 78 | U22: 70 | V22: 72 | W22: 76 | X22: 68 | Y22: 64
A23: Internal Avg | B23: =ROUND(AVERAGEIF(C10:C17,"Internal",J10:J17),1) -> 81.4 | R23: 92 | S23: 78 | T23: 72 | U23: 85 | V23: 70 | W23: 62 | X23: 60 | Y23: 58
A24: External Avg | B24: =ROUND(AVERAGEIF(C10:C17,"External",J10:J17),1) -> 77.6 | R24: 87 | S24: 80 | T24: 75 | U24: 70 | V24: 72 | W24: 68 | X24: 74 | Y24: 72
A25: SHORTLIST Count | B25: =COUNTIF(O10:O17,"SHORTLIST") -> 1 | R25: 96 | S25: 70 | T25: 68 | U25: 65 | V25: 75 | W25: 80 | X25: 82 | Y25: 78
A26: Near-Tie Alerts | B26: =COUNTIF(N10:N17,"⚠ NEAR_TIE") -> 0
A27: Top Candidate | B27: =INDEX(B10:B17,MATCH(1,D10:D17,0)) -> Anna Keller
A28: Top Candidate Score | B28: =MAX(J10:J17) -> 93.3
A29: COMPETENCY BREAKDOWN · candidates = rows · competencies = columns · TRANSPOSE formula
A30: CANDIDATE | B30: SOURCE | C30: Crisis Management | D30: Supplier Management | E30: Stakeholder Management | F30: Adaptability | G30: Decision Under Pressure | H30: Operations Leadership | I30: Continuity Focus | J30: Candidate Avg | K30: vs Pool Avg
A31: =B10 -> Anna Keller | B31: =C10 -> Internal | C31: =R19 -> 98 | D31: =R20 -> 91 | E31: =R21 -> 84 | F31: =R22 -> 95 | G31: =R23 -> 92 | H31: =R24 -> 87 | I31: =R25 -> 96 | J31: =ROUND(AVERAGE(C31:I31),1) -> 91.9 | K31: =ROUND(J31-ROUND(AVERAGE(J31,J32,J33,J34,J35,J36,J37,J38),1),1) -> 17.6
A32: =B11 -> Marcus Thorne | B32: =C11 -> External | C32: =S19 -> 72 | D32: =S20 -> 85 | E32: =S21 -> 80 | F32: =S22 -> 82 | G32: =S23 -> 78 | H32: =S24 -> 80 | I32: =S25 -> 70 | J32: =ROUND(AVERAGE(C32:I32),1) -> 78.1 | K32: =ROUND(J32-ROUND(AVERAGE(J31,J32,J33,J34,J35,J36,J37,J38),1),1) -> 3.8
A33: =B12 -> Elena Rodriguez | B33: =C12 -> Internal | C33: =T19 -> 65 | D33: =T20 -> 70 | E33: =T21 -> 90 | F33: =T22 -> 78 | G33: =T23 -> 72 | H33: =T24 -> 75 | I33: =T25 -> 68 | J33: =ROUND(AVERAGE(C33:I33),1) -> 74 | K33: =ROUND(J33-ROUND(AVERAGE(J31,J32,J33,J34,J35,J36,J37,J38),1),1) -> -0.3
A34: =B13 -> David Chen | B34: =C13 -> External | C34: =U19 -> 80 | D34: =U20 -> 75 | E34: =U21 -> 72 | F34: =U22 -> 70 | G34: =U23 -> 85 | H34: =U24 -> 70 | I34: =U25 -> 65 | J34: =ROUND(AVERAGE(C34:I34),1) -> 73.9 | K34: =ROUND(J34-ROUND(AVERAGE(J31,J32,J33,J34,J35,J36,J37,J38),1),1) -> -0.4
A35: =B14 -> Sarah Jenkins | B35: =C14 -> Internal | C35: =V19 -> 70 | D35: =V20 -> 80 | E35: =V21 -> 68 | F35: =V22 -> 72 | G35: =V23 -> 70 | H35: =V24 -> 72 | I35: =V25 -> 75 | J35: =ROUND(AVERAGE(C35:I35),1) -> 72.4 | K35: =ROUND(J35-ROUND(AVERAGE(J31,J32,J33,J34,J35,J36,J37,J38),1),1) -> -1.9
A36: =B15 -> Julian Vane | B36: =C15 -> External | C36: =W19 -> 55 | D36: =W20 -> 72 | E36: =W21 -> 74 | F36: =W22 -> 76 | G36: =W23 -> 62 | H36: =W24 -> 68 | I36: =W25 -> 80 | J36: =ROUND(AVERAGE(C36:I36),1) -> 69.6 | K36: =ROUND(J36-ROUND(AVERAGE(J31,J32,J33,J34,J35,J36,J37,J38),1),1) -> -4.7
A37: =B16 -> Linda Wu | B37: =C16 -> Internal | C37: =X19 -> 60 | D37: =X20 -> 74 | E37: =X21 -> 66 | F37: =X22 -> 68 | G37: =X23 -> 60 | H37: =X24 -> 74 | I37: =X25 -> 82 | J37: =ROUND(AVERAGE(C37:I37),1) -> 69.1 | K37: =ROUND(J37-ROUND(AVERAGE(J31,J32,J33,J34,J35,J36,J37,J38),1),1) -> -5.2
A38: =B17 -> Thomas More | B38: =C17 -> External | C38: =Y19 -> 50 | D38: =Y20 -> 68 | E38: =Y21 -> 70 | F38: =Y22 -> 64 | G38: =Y23 -> 58 | H38: =Y24 -> 72 | I38: =Y25 -> 78 | J38: =ROUND(AVERAGE(C38:I38),1) -> 65.7 | K38: =ROUND(J38-ROUND(AVERAGE(J31,J32,J33,J34,J35,J36,J37,J38),1),1) -> -8.6
A39: DECISION INTELLIGENCE NOTES | C39: =ROUND(AVERAGE(C31:C38),1) -> 68.8 | D39: =ROUND(AVERAGE(D31:D38),1) -> 76.9 | E39: =ROUND(AVERAGE(E31:E38),1) -> 75.5 | F39: =ROUND(AVERAGE(F31:F38),1) -> 75.6 | G39: =ROUND(AVERAGE(G31:G38),1) -> 72.1 | H39: =ROUND(AVERAGE(H31:H38),1) -> 74.8 | I39: =ROUND(AVERAGE(I31:I38),1) -> 76.8
A40: Top Ranked Candidate | B40: =INDEX(B10:B17,MATCH(1,D10:D17,0))&" — Score: "&TEXT(MAX(J10:J17),"0.0") -> Anna Keller — Score: 93.3
A41: Score Band | B41: =IF(MAX(J10:J17)>=90,"STRONG FIT",IF(MAX(J10:J17)>=80,"GOOD FIT","MODERATE FIT")) -> STRONG FIT
A42: Confidence Level | B42: =IF(MAX(J10:J17)>=90,"HIGH",IF(MAX(J10:J17)>=80,"MEDIUM","LOW")) -> HIGH
A43: Internal vs External | B43: =IF(AVERAGEIF(C10:C17,"Internal",J10:J17)>AVERAGEIF(C10:C17,"External",J10:J17),"Internal pool outperforms","External pool outperforms")&" (Δ "&TEXT(ROUND(ABS(AVERAGEIF(C10:C17,"Internal",J10:J17)-AVERAGEIF(C10:C17,"External",J10:J17)),1),"0.0")&" pts)" -> Internal pool outperforms (Δ 3.8 pts)
A44: Near-Tie Action Required | B44: =IF(COUNTIF(N10:N17,"⚠ NEAR_TIE")>0,"⚠ "&COUNTIF(N10:N17,"⚠ NEAR_TIE")&" near-tie pair(s) detected — review criterion scores before final decision","✓ No ties detected") -> ✓ No ties detected

Sheet 🔵 Digital Transform
A2: BMW Decision Intelligence · Digital Transformation
A3: Scenario: Digital Transformation · Prioritizes adaptability, transformation capability, and cross-functional change leadership.
A5: SCENARIO WEIGHTS (blue = editable inputs) | B5: Scalability Mindset | C5: Hard Skill Match | D5: Domain Experience | E5: Onboarding Speed | F5: Trajectory | H5: Σ CHECK
B6: 0.3 | C6: 0.2 | D6: 0.15 | E6: 0.2 | F6: 0.15 | H6: =SUM(B6,C6,D6,E6,F6) -> 1
B7: =IF(H6=1,"✓ Weights valid — sum = 1.00","⚠ Weights do not sum to 1.00 — adjust before running") -> ✓ Weights valid — sum = 1.00
A9: # | B9: Candidate | C9: Source | D9: Rank (Auto) | E9: Scalability Mindset | F9: Hard Skill Match | G9: Domain Experience | H9: Onboarding Speed | I9: Trajectory | J9: Weighted Composite | K9: Score Band | L9: vs Pool | M9: Key Strength | N9: Flag | O9: Decision
A10: 1 | B10: Anna Keller | C10: Internal | D10: =RANK(J10,$J$10:$J$17,0) -> 2 | E10: 88 | F10: 82 | G10: 80 | H10: 92 | I10: 90 | J10: =ROUND(E10*B6+F10*C6+G10*D6+H10*E6+I10*F6,1) -> 86.7 | K10: =IF(J10>=90,"STRONG FIT",IF(J10>=80,"GOOD FIT",IF(J10>=70,"MODERATE FIT","BELOW THRESHOLD"))) -> GOOD FIT | L10: =ROUND(J10-AVERAGE($J$10:$J$17),1) -> 10.2 | M10: Digital Adaptability | N10: =IF(AND(D10<=2,ABS(J10-IF(D10=1,LARGE($J$10:$J$17,2),LARGE($J$10:$J$17,1)))<=2),"⚠ NEAR_TIE",IF(COUNTIF(E10:I10,"")>2,"INSUFFICIENT_DATA","CLEAR")) -> CLEAR | O10: =IF(J10>=88,"SHORTLIST",IF(J10>=80,"REVIEW",IF(J10>=70,"HOLD","REJECT"))) -> REVIEW
A11: 2 | B11: Marcus Thorne | C11: External | D11: =RANK(J11,$J$10:$J$17,0) -> 1 | E11: 92 | F11: 88 | G11: 85 | H11: 90 | I11: 88 | J11: =ROUND(E11*B6+F11*C6+G11*D6+H11*E6+I11*F6,1) -> 89.2 | K11: =IF(J11>=90,"STRONG FIT",IF(J11>=80,"GOOD FIT",IF(J11>=70,"MODERATE FIT","BELOW THRESHOLD"))) -> GOOD FIT | L11: =ROUND(J11-AVERAGE($J$10:$J$17),1) -> 12.7 | M11: Change Leadership | N11: =IF(AND(D11<=2,ABS(J11-IF(D11=1,LARGE($J$10:$J$17,2),LARGE($J$10:$J$17,1)))<=2),"⚠ NEAR_TIE",IF(COUNTIF(E11:I11,"")>2,"INSUFFICIENT_DATA","CLEAR")) -> CLEAR | O11: =IF(J11>=88,"SHORTLIST",IF(J11>=80,"REVIEW",IF(J11>=70,"HOLD","REJECT"))) -> SHORTLIST
A12: 3 | B12: Elena Rodriguez | C12: Internal | D12: =RANK(J12,$J$10:$J$17,0) -> 3 | E12: 85 | F12: 80 | G12: 82 | H12: 88 | I12: 86 | J12: =ROUND(E12*B6+F12*C6+G12*D6+H12*E6+I12*F6,1) -> 84.3 | K12: =IF(J12>=90,"STRONG FIT",IF(J12>=80,"GOOD FIT",IF(J12>=70,"MODERATE FIT","BELOW THRESHOLD"))) -> GOOD FIT | L12: =ROUND(J12-AVERAGE($J$10:$J$17),1) -> 7.8 | M12: Cross-Functional Lead | N12: =IF(AND(D12<=2,ABS(J12-IF(D12=1,LARGE($J$10:$J$17,2),LARGE($J$10:$J$17,1)))<=2),"⚠ NEAR_TIE",IF(COUNTIF(E12:I12,"")>2,"INSUFFICIENT_DATA","CLEAR")) -> CLEAR | O12: =IF(J12>=88,"SHORTLIST",IF(J12>=80,"REVIEW",IF(J12>=70,"HOLD","REJECT"))) -> REVIEW
A13: 4 | B13: David Chen | C13: External | D13: =RANK(J13,$J$10:$J$17,0) -> 4 | E13: 80 | F13: 78 | G13: 75 | H13: 80 | I13: 78 | J13: =ROUND(E13*B6+F13*C6+G13*D6+H13*E6+I13*F6,1) -> 78.6 | K13: =IF(J13>=90,"STRONG FIT",IF(J13>=80,"GOOD FIT",IF(J13>=70,"MODERATE FIT","BELOW THRESHOLD"))) -> MODERATE FIT | L13: =ROUND(J13-AVERAGE($J$10:$J$17),1) -> 2.1 | M13: Data Analytics | N13: =IF(AND(D13<=2,ABS(J13-IF(D13=1,LARGE($J$10:$J$17,2),LARGE($J$10:$J$17,1)))<=2),"⚠ NEAR_TIE",IF(COUNTIF(E13:I13,"")>2,"INSUFFICIENT_DATA","CLEAR")) -> CLEAR | O13: =IF(J13>=88,"SHORTLIST",IF(J13>=80,"REVIEW",IF(J13>=70,"HOLD","REJECT"))) -> HOLD
A14: 5 | B14: Sarah Jenkins | C14: Internal | D14: =RANK(J14,$J$10:$J$17,0) -> 5 | E14: 75 | F14: 76 | G14: 72 | H14: 78 | I14: 74 | J14: =ROUND(E14*B6+F14*C6+G14*D6+H14*E6+I14*F6,1) -> 75.2 | K14: =IF(J14>=90,"STRONG FIT",IF(J14>=80,"GOOD FIT",IF(J14>=70,"MODERATE FIT","BELOW THRESHOLD"))) -> MODERATE FIT | L14: =ROUND(J14-AVERAGE($J$10:$J$17),1) -> -1.3 | M14: Process Innovation | N14: =IF(AND(D14<=2,ABS(J14-IF(D14=1,LARGE($J$10:$J$17,2),LARGE($J$10:$J$17,1)))<=2),"⚠ NEAR_TIE",IF(COUNTIF(E14:I14,"")>2,"INSUFFICIENT_DATA","CLEAR")) -> CLEAR | O14: =IF(J14>=88,"SHORTLIST",IF(J14>=80,"REVIEW",IF(J14>=70,"HOLD","REJECT"))) -> HOLD
A15: 6 | B15: Julian Vane | C15: External | D15: =RANK(J15,$J$10:$J$17,0) -> 6 | E15: 70 | F15: 72 | G15: 70 | H15: 72 | I15: 70 | J15: =ROUND(E15*B6+F15*C6+G15*D6+H15*E6+I15*F6,1) -> 70.8 | K15: =IF(J15>=90,"STRONG FIT",IF(J15>=80,"GOOD FIT",IF(J15>=70,"MODERATE FIT","BELOW THRESHOLD"))) -> MODERATE FIT | L15: =ROUND(J15-AVERAGE($J$10:$J$17),1) -> -5.7 | M15: Tech Adoption | N15: =IF(AND(D15<=2,ABS(J15-IF(D15=1,LARGE($J$10:$J$17,2),LARGE($J$10:$J$17,1)))<=2),"⚠ NEAR_TIE",IF(COUNTIF(E15:I15,"")>2,"INSUFFICIENT_DATA","CLEAR")) -> CLEAR | O15: =IF(J15>=88,"SHORTLIST",IF(J15>=80,"REVIEW",IF(J15>=70,"HOLD","REJECT"))) -> HOLD
A16: 7 | B16: Linda Wu | C16: Internal | D16: =RANK(J16,$J$10:$J$17,0) -> 7 | E16: 65 | F16: 68 | G16: 66 | H16: 68 | I16: 65 | J16: =ROUND(E16*B6+F16*C6+G16*D6+H16*E6+I16*F6,1) -> 66.4 | K16: =IF(J16>=90,"STRONG FIT",IF(J16>=80,"GOOD FIT",IF(J16>=70,"MODERATE FIT","BELOW THRESHOLD"))) -> BELOW THRESHOLD | L16: =ROUND(J16-AVERAGE($J$10:$J$17),1) -> -10.1 | M16: System Integration | N16: =IF(AND(D16<=2,ABS(J16-IF(D16=1,LARGE($J$10:$J$17,2),LARGE($J$10:$J$17,1)))<=2),"⚠ NEAR_TIE",IF(COUNTIF(E16:I16,"")>2,"INSUFFICIENT_DATA","CLEAR")) -> CLEAR | O16: =IF(J16>=88,"SHORTLIST",IF(J16>=80,"REVIEW",IF(J16>=70,"HOLD","REJECT"))) -> REJECT
A17: 8 | B17: Thomas More | C17: External | D17: =RANK(J17,$J$10:$J$17,0) -> 8 | E17: 60 | F17: 62 | G17: 60 | H17: 62 | I17: 58 | J17: =ROUND(E17*B6+F17*C6+G17*D6+H17*E6+I17*F6,1) -> 60.5 | K17: =IF(J17>=90,"STRONG FIT",IF(J17>=80,"GOOD FIT",IF(J17>=70,"MODERATE FIT","BELOW THRESHOLD"))) -> BELOW THRESHOLD | L17: =ROUND(J17-AVERAGE($J$10:$J$17),1) -> -16 | M17: Agile Delivery | N17: =IF(AND(D17<=2,ABS(J17-IF(D17=1,LARGE($J$10:$J$17,2),LARGE($J$10:$J$17,1)))<=2),"⚠ NEAR_TIE",IF(COUNTIF(E17:I17,"")>2,"INSUFFICIENT_DATA","CLEAR")) -> CLEAR | O17: =IF(J17>=88,"SHORTLIST",IF(J17>=80,"REVIEW",IF(J17>=70,"HOLD","REJECT"))) -> REJECT
A19: POOL SUMMARY | R19: 75 | S19: 80 | T19: 70 | U19: 72 | V19: 68 | W19: 60 | X19: 55 | Y19: 50
A20: Pool Average Score | B20: =ROUND(AVERAGE(J10:J17),1) -> 76.5 | R20: 72 | S20: 76 | T20: 70 | U20: 68 | V20: 70 | W20: 65 | X20: 62 | Y20: 58
A21: Highest Score | B21: =MAX(J10:J17) -> 89.2 | R21: 90 | S21: 92 | T21: 95 | U21: 80 | V21: 75 | W21: 70 | X21: 68 | Y21: 62
A22: Lowest Score | B22: =MIN(J10:J17) -> 60.5 | R22: 92 | S22: 95 | T22: 88 | U22: 80 | V22: 78 | W22: 72 | X22: 66 | Y22: 60
A23: Internal Avg | B23: =ROUND(AVERAGEIF(C10:C17,"Internal",J10:J17),1) -> 78.2 | R23: 85 | S23: 88 | T23: 80 | U23: 75 | V23: 72 | W23: 68 | X23: 62 | Y23: 58
A24: External Avg | B24: =ROUND(AVERAGEIF(C10:C17,"External",J10:J17),1) -> 74.8 | R24: 82 | S24: 88 | T24: 85 | U24: 78 | V24: 74 | W24: 70 | X24: 65 | Y24: 60
A25: SHORTLIST Count | B25: =COUNTIF(O10:O17,"SHORTLIST") -> 1 | R25: 70 | S25: 72 | T25: 68 | U25: 65 | V25: 62 | W25: 60 | X25: 58 | Y25: 55
A26: Near-Tie Alerts | B26: =COUNTIF(N10:N17,"⚠ NEAR_TIE") -> 0
A27: Top Candidate | B27: =INDEX(B10:B17,MATCH(1,D10:D17,0)) -> Marcus Thorne
A28: Top Candidate Score | B28: =MAX(J10:J17) -> 89.2
A29: COMPETENCY BREAKDOWN · candidates = rows · competencies = columns · TRANSPOSE formula
A30: CANDIDATE | B30: SOURCE | C30: Crisis Management | D30: Supplier Management | E30: Stakeholder Management | F30: Adaptability | G30: Decision Under Pressure | H30: Operations Leadership | I30: Continuity Focus | J30: Candidate Avg | K30: vs Pool Avg
A31: =B10 -> Anna Keller | B31: =C10 -> Internal | C31: =R19 -> 75 | D31: =R20 -> 72 | E31: =R21 -> 90 | F31: =R22 -> 92 | G31: =R23 -> 85 | H31: =R24 -> 82 | I31: =R25 -> 70 | J31: =ROUND(AVERAGE(C31:I31),1) -> 80.9 | K31: =ROUND(J31-ROUND(AVERAGE(J31,J32,J33,J34,J35,J36,J37,J38),1),1) -> 8.9
A32: =B11 -> Marcus Thorne | B32: =C11 -> External | C32: =S19 -> 80 | D32: =S20 -> 76 | E32: =S21 -> 92 | F32: =S22 -> 95 | G32: =S23 -> 88 | H32: =S24 -> 88 | I32: =S25 -> 72 | J32: =ROUND(AVERAGE(C32:I32),1) -> 84.4 | K32: =ROUND(J32-ROUND(AVERAGE(J31,J32,J33,J34,J35,J36,J37,J38),1),1) -> 12.4
A33: =B12 -> Elena Rodriguez | B33: =C12 -> Internal | C33: =T19 -> 70 | D33: =T20 -> 70 | E33: =T21 -> 95 | F33: =T22 -> 88 | G33: =T23 -> 80 | H33: =T24 -> 85 | I33: =T25 -> 68 | J33: =ROUND(AVERAGE(C33:I33),1) -> 79.4 | K33: =ROUND(J33-ROUND(AVERAGE(J31,J32,J33,J34,J35,J36,J37,J38),1),1) -> 7.4
A34: =B13 -> David Chen | B34: =C13 -> External | C34: =U19 -> 72 | D34: =U20 -> 68 | E34: =U21 -> 80 | F34: =U22 -> 80 | G34: =U23 -> 75 | H34: =U24 -> 78 | I34: =U25 -> 65 | J34: =ROUND(AVERAGE(C34:I34),1) -> 74 | K34: =ROUND(J34-ROUND(AVERAGE(J31,J32,J33,J34,J35,J36,J37,J38),1),1) -> 2
A35: =B14 -> Sarah Jenkins | B35: =C14 -> Internal | C35: =V19 -> 68 | D35: =V20 -> 70 | E35: =V21 -> 75 | F35: =V22 -> 78 | G35: =V23 -> 72 | H35: =V24 -> 74 | I35: =V25 -> 62 | J35: =ROUND(AVERAGE(C35:I35),1) -> 71.3 | K35: =ROUND(J35-ROUND(AVERAGE(J31,J32,J33,J34,J35,J36,J37,J38),1),1) -> -0.7
A36: =B15 -> Julian Vane | B36: =C15 -> External | C36: =W19 -> 60 | D36: =W20 -> 65 | E36: =W21 -> 70 | F36: =W22 -> 72 | G36: =W23 -> 68 | H36: =W24 -> 70 | I36: =W25 -> 60 | J36: =ROUND(AVERAGE(C36:I36),1) -> 66.4 | K36: =ROUND(J36-ROUND(AVERAGE(J31,J32,J33,J34,J35,J36,J37,J38),1),1) -> -5.6
A37: =B16 -> Linda Wu | B37: =C16 -> Internal | C37: =X19 -> 55 | D37: =X20 -> 62 | E37: =X21 -> 68 | F37: =X22 -> 66 | G37: =X23 -> 62 | H37: =X24 -> 65 | I37: =X25 -> 58 | J37: =ROUND(AVERAGE(C37:I37),1) -> 62.3 | K37: =ROUND(J37-ROUND(AVERAGE(J31,J32,J33,J34,J35,J36,J37,J38),1),1) -> -9.7
A38: =B17 -> Thomas More | B38: =C17 -> External | C38: =Y19 -> 50 | D38: =Y20 -> 58 | E38: =Y21 -> 62 | F38: =Y22 -> 60 | G38: =Y23 -> 58 | H38: =Y24 -> 60 | I38: =Y25 -> 55 | J38: =ROUND(AVERAGE(C38:I38),1) -> 57.6 | K38: =ROUND(J38-ROUND(AVERAGE(J31,J32,J33,J34,J35,J36,J37,J38),1),1) -> -14.4
A39: DECISION INTELLIGENCE NOTES | C39: =ROUND(AVERAGE(C31:C38),1) -> 66.3 | D39: =ROUND(AVERAGE(D31:D38),1) -> 67.6 | E39: =ROUND(AVERAGE(E31:E38),1) -> 79 | F39: =ROUND(AVERAGE(F31:F38),1) -> 78.9 | G39: =ROUND(AVERAGE(G31:G38),1) -> 73.5 | H39: =ROUND(AVERAGE(H31:H38),1) -> 75.3 | I39: =ROUND(AVERAGE(I31:I38),1) -> 63.8
A40: Top Ranked Candidate | B40: =INDEX(B10:B17,MATCH(1,D10:D17,0))&" — Score: "&TEXT(MAX(J10:J17),"0.0") -> Marcus Thorne — Score: 89.2
A41: Score Band | B41: =IF(MAX(J10:J17)>=90,"STRONG FIT",IF(MAX(J10:J17)>=80,"GOOD FIT","MODERATE FIT")) -> GOOD FIT
A42: Confidence Level | B42: =IF(MAX(J10:J17)>=90,"HIGH",IF(MAX(J10:J17)>=80,"MEDIUM","LOW")) -> MEDIUM
A43: Internal vs External | B43: =IF(AVERAGEIF(C10:C17,"Internal",J10:J17)>AVERAGEIF(C10:C17,"External",J10:J17),"Internal pool outperforms","External pool outperforms")&" (Δ "&TEXT(ROUND(ABS(AVERAGEIF(C10:C17,"Internal",J10:J17)-AVERAGEIF(C10:C17,"External",J10:J17)),1),"0.0")&" pts)" -> Internal pool outperforms (Δ 3.4 pts)
A44: Near-Tie Action Required | B44: =IF(COUNTIF(N10:N17,"⚠ NEAR_TIE")>0,"⚠ "&COUNTIF(N10:N17,"⚠ NEAR_TIE")&" near-tie pair(s) detected — review criterion scores before final decision","✓ No ties detected") -> ✓ No ties detected

Sheet 🟢 Op. Continuity
A2: BMW Decision Intelligence · Operational Continuity
A3: Scenario: Operational Continuity · Prioritizes internal knowledge, continuity focus, and stable operations leadership.
A5: SCENARIO WEIGHTS (blue = editable inputs) | B5: Scalability Mindset | C5: Hard Skill Match | D5: Domain Experience | E5: Onboarding Speed | F5: Trajectory | H5: Σ CHECK
B6: 0.15 | C6: 0.25 | D6: 0.25 | E6: 0.1 | F6: 0.25 | H6: =SUM(B6,C6,D6,E6,F6) -> 1
B7: =IF(H6=1,"✓ Weights valid — sum = 1.00","⚠ Weights do not sum to 1.00 — adjust before running") -> ✓ Weights valid — sum = 1.00
A9: # | B9: Candidate | C9: Source | D9: Rank (Auto) | E9: Scalability Mindset | F9: Hard Skill Match | G9: Domain Experience | H9: Onboarding Speed | I9: Trajectory | J9: Weighted Composite | K9: Score Band | L9: vs Pool | M9: Key Strength | N9: Flag | O9: Decision
A10: 1 | B10: Anna Keller | C10: Internal | D10: =RANK(J10,$J$10:$J$17,0) -> 1 | E10: 80 | F10: 88 | G10: 92 | H10: 82 | I10: 90 | J10: =ROUND(E10*B6+F10*C6+G10*D6+H10*E6+I10*F6,1) -> 87.7 | K10: =IF(J10>=90,"STRONG FIT",IF(J10>=80,"GOOD FIT",IF(J10>=70,"MODERATE FIT","BELOW THRESHOLD"))) -> GOOD FIT | L10: =ROUND(J10-AVERAGE($J$10:$J$17),1) -> 8.9 | M10: Process Continuity | N10: =IF(AND(D10<=2,ABS(J10-IF(D10=1,LARGE($J$10:$J$17,2),LARGE($J$10:$J$17,1)))<=2),"⚠ NEAR_TIE",IF(COUNTIF(E10:I10,"")>2,"INSUFFICIENT_DATA","CLEAR")) -> CLEAR | O10: =IF(J10>=88,"SHORTLIST",IF(J10>=80,"REVIEW",IF(J10>=70,"HOLD","REJECT"))) -> REVIEW
A11: 2 | B11: Marcus Thorne | C11: External | D11: =RANK(J11,$J$10:$J$17,0) -> 3 | E11: 75 | F11: 85 | G11: 80 | H11: 78 | I11: 82 | J11: =ROUND(E11*B6+F11*C6+G11*D6+H11*E6+I11*F6,1) -> 80.8 | K11: =IF(J11>=90,"STRONG FIT",IF(J11>=80,"GOOD FIT",IF(J11>=70,"MODERATE FIT","BELOW THRESHOLD"))) -> GOOD FIT | L11: =ROUND(J11-AVERAGE($J$10:$J$17),1) -> 2 | M11: Technical Depth | N11: =IF(AND(D11<=2,ABS(J11-IF(D11=1,LARGE($J$10:$J$17,2),LARGE($J$10:$J$17,1)))<=2),"⚠ NEAR_TIE",IF(COUNTIF(E11:I11,"")>2,"INSUFFICIENT_DATA","CLEAR")) -> CLEAR | O11: =IF(J11>=88,"SHORTLIST",IF(J11>=80,"REVIEW",IF(J11>=70,"HOLD","REJECT"))) -> REVIEW
A12: 3 | B12: Elena Rodriguez | C12: Internal | D12: =RANK(J12,$J$10:$J$17,0) -> 2 | E12: 72 | F12: 80 | G12: 85 | H12: 75 | I12: 88 | J12: =ROUND(E12*B6+F12*C6+G12*D6+H12*E6+I12*F6,1) -> 81.6 | K12: =IF(J12>=90,"STRONG FIT",IF(J12>=80,"GOOD FIT",IF(J12>=70,"MODERATE FIT","BELOW THRESHOLD"))) -> GOOD FIT | L12: =ROUND(J12-AVERAGE($J$10:$J$17),1) -> 2.8 | M12: Domain Mastery | N12: =IF(AND(D12<=2,ABS(J12-IF(D12=1,LARGE($J$10:$J$17,2),LARGE($J$10:$J$17,1)))<=2),"⚠ NEAR_TIE",IF(COUNTIF(E12:I12,"")>2,"INSUFFICIENT_DATA","CLEAR")) -> CLEAR | O12: =IF(J12>=88,"SHORTLIST",IF(J12>=80,"REVIEW",IF(J12>=70,"HOLD","REJECT"))) -> REVIEW
A13: 4 | B13: David Chen | C13: External | D13: =RANK(J13,$J$10:$J$17,0) -> 6 | E13: 70 | F13: 78 | G13: 75 | H13: 72 | I13: 80 | J13: =ROUND(E13*B6+F13*C6+G13*D6+H13*E6+I13*F6,1) -> 76 | K13: =IF(J13>=90,"STRONG FIT",IF(J13>=80,"GOOD FIT",IF(J13>=70,"MODERATE FIT","BELOW THRESHOLD"))) -> MODERATE FIT | L13: =ROUND(J13-AVERAGE($J$10:$J$17),1) -> -2.8 | M13: Risk Continuity | N13: =IF(AND(D13<=2,ABS(J13-IF(D13=1,LARGE($J$10:$J$17,2),LARGE($J$10:$J$17,1)))<=2),"⚠ NEAR_TIE",IF(COUNTIF(E13:I13,"")>2,"INSUFFICIENT_DATA","CLEAR")) -> CLEAR | O13: =IF(J13>=88,"SHORTLIST",IF(J13>=80,"REVIEW",IF(J13>=70,"HOLD","REJECT"))) -> HOLD
A14: 5 | B14: Sarah Jenkins | C14: Internal | D14: =RANK(J14,$J$10:$J$17,0) -> 8 | E14: 68 | F14: 76 | G14: 78 | H14: 70 | I14: 75 | J14: =ROUND(E14*B6+F14*C6+G14*D6+H14*E6+I14*F6,1) -> 74.5 | K14: =IF(J14>=90,"STRONG FIT",IF(J14>=80,"GOOD FIT",IF(J14>=70,"MODERATE FIT","BELOW THRESHOLD"))) -> MODERATE FIT | L14: =ROUND(J14-AVERAGE($J$10:$J$17),1) -> -4.3 | M14: SLA Management | N14: =IF(AND(D14<=2,ABS(J14-IF(D14=1,LARGE($J$10:$J$17,2),LARGE($J$10:$J$17,1)))<=2),"⚠ NEAR_TIE",IF(COUNTIF(E14:I14,"")>2,"INSUFFICIENT_DATA","CLEAR")) -> CLEAR | O14: =IF(J14>=88,"SHORTLIST",IF(J14>=80,"REVIEW",IF(J14>=70,"HOLD","REJECT"))) -> HOLD
A15: 6 | B15: Julian Vane | C15: External | D15: =RANK(J15,$J$10:$J$17,0) -> 7 | E15: 82 | F15: 80 | G15: 72 | H15: 68 | I15: 70 | J15: =ROUND(E15*B6+F15*C6+G15*D6+H15*E6+I15*F6,1) -> 74.6 | K15: =IF(J15>=90,"STRONG FIT",IF(J15>=80,"GOOD FIT",IF(J15>=70,"MODERATE FIT","BELOW THRESHOLD"))) -> MODERATE FIT | L15: =ROUND(J15-AVERAGE($J$10:$J$17),1) -> -4.2 | M15: Compliance Ops | N15: =IF(AND(D15<=2,ABS(J15-IF(D15=1,LARGE($J$10:$J$17,2),LARGE($J$10:$J$17,1)))<=2),"⚠ NEAR_TIE",IF(COUNTIF(E15:I15,"")>2,"INSUFFICIENT_DATA","CLEAR")) -> CLEAR | O15: =IF(J15>=88,"SHORTLIST",IF(J15>=80,"REVIEW",IF(J15>=70,"HOLD","REJECT"))) -> HOLD
A16: 7 | B16: Linda Wu | C16: Internal | D16: =RANK(J16,$J$10:$J$17,0) -> 5 | E16: 85 | F16: 78 | G16: 75 | H16: 72 | I16: 72 | J16: =ROUND(E16*B6+F16*C6+G16*D6+H16*E6+I16*F6,1) -> 76.2 | K16: =IF(J16>=90,"STRONG FIT",IF(J16>=80,"GOOD FIT",IF(J16>=70,"MODERATE FIT","BELOW THRESHOLD"))) -> MODERATE FIT | L16: =ROUND(J16-AVERAGE($J$10:$J$17),1) -> -2.6 | M16: Vendor Continuity | N16: =IF(AND(D16<=2,ABS(J16-IF(D16=1,LARGE($J$10:$J$17,2),LARGE($J$10:$J$17,1)))<=2),"⚠ NEAR_TIE",IF(COUNTIF(E16:I16,"")>2,"INSUFFICIENT_DATA","CLEAR")) -> CLEAR | O16: =IF(J16>=88,"SHORTLIST",IF(J16>=80,"REVIEW",IF(J16>=70,"HOLD","REJECT"))) -> HOLD
A17: 8 | B17: Thomas More | C17: External | D17: =RANK(J17,$J$10:$J$17,0) -> 4 | E17: 80 | F17: 82 | G17: 78 | H17: 75 | I17: 78 | J17: =ROUND(E17*B6+F17*C6+G17*D6+H17*E6+I17*F6,1) -> 79 | K17: =IF(J17>=90,"STRONG FIT",IF(J17>=80,"GOOD FIT",IF(J17>=70,"MODERATE FIT","BELOW THRESHOLD"))) -> MODERATE FIT | L17: =ROUND(J17-AVERAGE($J$10:$J$17),1) -> 0.2 | M17: Systems Reliability | N17: =IF(AND(D17<=2,ABS(J17-IF(D17=1,LARGE($J$10:$J$17,2),LARGE($J$10:$J$17,1)))<=2),"⚠ NEAR_TIE",IF(COUNTIF(E17:I17,"")>2,"INSUFFICIENT_DATA","CLEAR")) -> CLEAR | O17: =IF(J17>=88,"SHORTLIST",IF(J17>=80,"REVIEW",IF(J17>=70,"HOLD","REJECT"))) -> HOLD
A19: POOL SUMMARY | R19: 70 | S19: 65 | T19: 60 | U19: 72 | V19: 68 | W19: 80 | X19: 75 | Y19: 72
A20: Pool Average Score | B20: =ROUND(AVERAGE(J10:J17),1) -> 78.8 | R20: 88 | S20: 82 | T20: 80 | U20: 78 | V20: 76 | W20: 80 | X20: 78 | Y20: 82
A21: Highest Score | B21: =MAX(J10:J17) -> 87.7 | R21: 80 | S21: 78 | T21: 85 | U21: 75 | V21: 72 | W21: 70 | X21: 68 | Y21: 72
A22: Lowest Score | B22: =MIN(J10:J17) -> 74.5 | R22: 78 | S22: 75 | T22: 72 | U22: 70 | V22: 68 | W22: 65 | X22: 62 | Y22: 60
A23: Internal Avg | B23: =ROUND(AVERAGEIF(C10:C17,"Internal",J10:J17),1) -> 80 | R23: 85 | S23: 80 | T23: 82 | U23: 78 | V23: 75 | W23: 72 | X23: 70 | Y23: 75
A24: External Avg | B24: =ROUND(AVERAGEIF(C10:C17,"External",J10:J17),1) -> 77.6 | R24: 92 | S24: 85 | T24: 88 | U24: 80 | V24: 78 | W24: 75 | X24: 80 | Y24: 82
A25: SHORTLIST Count | B25: =COUNTIF(O10:O17,"SHORTLIST") -> 0 | R25: 95 | S25: 88 | T25: 90 | U25: 82 | V25: 80 | W25: 78 | X25: 85 | Y25: 88
A26: Near-Tie Alerts | B26: =COUNTIF(N10:N17,"⚠ NEAR_TIE") -> 0
A27: Top Candidate | B27: =INDEX(B10:B17,MATCH(1,D10:D17,0)) -> Anna Keller
A28: Top Candidate Score | B28: =MAX(J10:J17) -> 87.7
A29: COMPETENCY BREAKDOWN · candidates = rows · competencies = columns · TRANSPOSE formula
A30: CANDIDATE | B30: SOURCE | C30: Crisis Management | D30: Supplier Management | E30: Stakeholder Management | F30: Adaptability | G30: Decision Under Pressure | H30: Operations Leadership | I30: Continuity Focus | J30: Candidate Avg | K30: vs Pool Avg
A31: =B10 -> Anna Keller | B31: =C10 -> Internal | C31: =R19 -> 70 | D31: =R20 -> 88 | E31: =R21 -> 80 | F31: =R22 -> 78 | G31: =R23 -> 85 | H31: =R24 -> 92 | I31: =R25 -> 95 | J31: =ROUND(AVERAGE(C31:I31),1) -> 84 | K31: =ROUND(J31-ROUND(AVERAGE(J31,J32,J33,J34,J35,J36,J37,J38),1),1) -> 6.9
A32: =B11 -> Marcus Thorne | B32: =C11 -> External | C32: =S19 -> 65 | D32: =S20 -> 82 | E32: =S21 -> 78 | F32: =S22 -> 75 | G32: =S23 -> 80 | H32: =S24 -> 85 | I32: =S25 -> 88 | J32: =ROUND(AVERAGE(C32:I32),1) -> 79 | K32: =ROUND(J32-ROUND(AVERAGE(J31,J32,J33,J34,J35,J36,J37,J38),1),1) -> 1.9
A33: =B12 -> Elena Rodriguez | B33: =C12 -> Internal | C33: =T19 -> 60 | D33: =T20 -> 80 | E33: =T21 -> 85 | F33: =T22 -> 72 | G33: =T23 -> 82 | H33: =T24 -> 88 | I33: =T25 -> 90 | J33: =ROUND(AVERAGE(C33:I33),1) -> 79.6 | K33: =ROUND(J33-ROUND(AVERAGE(J31,J32,J33,J34,J35,J36,J37,J38),1),1) -> 2.5
A34: =B13 -> David Chen | B34: =C13 -> External | C34: =U19 -> 72 | D34: =U20 -> 78 | E34: =U21 -> 75 | F34: =U22 -> 70 | G34: =U23 -> 78 | H34: =U24 -> 80 | I34: =U25 -> 82 | J34: =ROUND(AVERAGE(C34:I34),1) -> 76.4 | K34: =ROUND(J34-ROUND(AVERAGE(J31,J32,J33,J34,J35,J36,J37,J38),1),1) -> -0.7
A35: =B14 -> Sarah Jenkins | B35: =C14 -> Internal | C35: =V19 -> 68 | D35: =V20 -> 76 | E35: =V21 -> 72 | F35: =V22 -> 68 | G35: =V23 -> 75 | H35: =V24 -> 78 | I35: =V25 -> 80 | J35: =ROUND(AVERAGE(C35:I35),1) -> 73.9 | K35: =ROUND(J35-ROUND(AVERAGE(J31,J32,J33,J34,J35,J36,J37,J38),1),1) -> -3.2
A36: =B15 -> Julian Vane | B36: =C15 -> External | C36: =W19 -> 80 | D36: =W20 -> 80 | E36: =W21 -> 70 | F36: =W22 -> 65 | G36: =W23 -> 72 | H36: =W24 -> 75 | I36: =W25 -> 78 | J36: =ROUND(AVERAGE(C36:I36),1) -> 74.3 | K36: =ROUND(J36-ROUND(AVERAGE(J31,J32,J33,J34,J35,J36,J37,J38),1),1) -> -2.8
A37: =B16 -> Linda Wu | B37: =C16 -> Internal | C37: =X19 -> 75 | D37: =X20 -> 78 | E37: =X21 -> 68 | F37: =X22 -> 62 | G37: =X23 -> 70 | H37: =X24 -> 80 | I37: =X25 -> 85 | J37: =ROUND(AVERAGE(C37:I37),1) -> 74 | K37: =ROUND(J37-ROUND(AVERAGE(J31,J32,J33,J34,J35,J36,J37,J38),1),1) -> -3.1
A38: =B17 -> Thomas More | B38: =C17 -> External | C38: =Y19 -> 72 | D38: =Y20 -> 82 | E38: =Y21 -> 72 | F38: =Y22 -> 60 | G38: =Y23 -> 75 | H38: =Y24 -> 82 | I38: =Y25 -> 88 | J38: =ROUND(AVERAGE(C38:I38),1) -> 75.9 | K38: =ROUND(J38-ROUND(AVERAGE(J31,J32,J33,J34,J35,J36,J37,J38),1),1) -> -1.2
A39: DECISION INTELLIGENCE NOTES | C39: =ROUND(AVERAGE(C31:C38),1) -> 70.3 | D39: =ROUND(AVERAGE(D31:D38),1) -> 80.5 | E39: =ROUND(AVERAGE(E31:E38),1) -> 75 | F39: =ROUND(AVERAGE(F31:F38),1) -> 68.8 | G39: =ROUND(AVERAGE(G31:G38),1) -> 77.1 | H39: =ROUND(AVERAGE(H31:H38),1) -> 82.5 | I39: =ROUND(AVERAGE(I31:I38),1) -> 85.8
A40: Top Ranked Candidate | B40: =INDEX(B10:B17,MATCH(1,D10:D17,0))&" — Score: "&TEXT(MAX(J10:J17),"0.0") -> Anna Keller — Score: 87.7
A41: Score Band | B41: =IF(MAX(J10:J17)>=90,"STRONG FIT",IF(MAX(J10:J17)>=80,"GOOD FIT","MODERATE FIT")) -> GOOD FIT
A42: Confidence Level | B42: =IF(MAX(J10:J17)>=90,"HIGH",IF(MAX(J10:J17)>=80,"MEDIUM","LOW")) -> MEDIUM
A43: Internal vs External | B43: =IF(AVERAGEIF(C10:C17,"Internal",J10:J17)>AVERAGEIF(C10:C17,"External",J10:J17),"Internal pool outperforms","External pool outperforms")&" (Δ "&TEXT(ROUND(ABS(AVERAGEIF(C10:C17,"Internal",J10:J17)-AVERAGEIF(C10:C17,"External",J10:J17)),1),"0.0")&" pts)" -> Internal pool outperforms (Δ 2.4 pts)
A44: Near-Tie Action Required | B44: =IF(COUNTIF(N10:N17,"⚠ NEAR_TIE")>0,"⚠ "&COUNTIF(N10:N17,"⚠ NEAR_TIE")&" near-tie pair(s) detected — review criterion scores before final decision","✓ No ties detected") -> ✓ No ties detected
